{
  "frames": {
    "room.png": {
      "frame": {
        "x": 1,
        "y": 1,
        "w": 994,
        "h": 490
      },
      "rotated": false,
      "trimmed": false,
      "spriteSourceSize": {
        "x": 0,
        "y": 0,
        "w": 994,
        "h": 490
      },
      "sourceSize": {
        "w": 994,
        "h": 490
      },
      "pivot": {
        "x": 0.5,
        "y": 0.5
      }
    },
    "drawer.png": {
      "frame": {
        "x": 997,
        "y": 1,
        "w": 712,
        "h": 490
      },
      "rotated": false,
      "trimmed": false,
      "spriteSourceSize": {
        "x": 0,
        "y": 0,
        "w": 712,
        "h": 490
      },
      "sourceSize": {
        "w": 712,
        "h": 490
      },
      "pivot": {
        "x": 0.5,
        "y": 0.5
      }
    },
    "closetOp2.png": {
      "frame": {
        "x": 1711,
        "y": 1,
        "w": 317,
        "h": 276
      },
      "rotated": false,
      "trimmed": false,
      "spriteSourceSize": {
        "x": 0,
        "y": 0,
        "w": 317,
        "h": 276
      },
      "sourceSize": {
        "w": 317,
        "h": 276
      },
      "pivot": {
        "x": 0.5,
        "y": 0.5
      }
    },
    "closetOp1.png": {
      "frame": {
        "x": 1711,
        "y": 279,
        "w": 316,
        "h": 275
      },
      "rotated": false,
      "trimmed": false,
      "spriteSourceSize": {
        "x": 0,
        "y": 0,
        "w": 316,
        "h": 275
      },
      "sourceSize": {
        "w": 316,
        "h": 275
      },
      "pivot": {
        "x": 0.5,
        "y": 0.5
      }
    },
    "laserGreen.png": {
      "frame": {
        "x": 1,
        "y": 556,
        "w": 180,
        "h": 694
      },
      "rotated": false,
      "trimmed": false,
      "spriteSourceSize": {
        "x": 0,
        "y": 0,
        "w": 180,
        "h": 694
      },
      "sourceSize": {
        "w": 180,
        "h": 694
      },
      "pivot": {
        "x": 0.5,
        "y": 0.5
      }
    },
    "button.png": {
      "frame": {
        "x": 1,
        "y": 493,
        "w": 249,
        "h": 54
      },
      "rotated": false,
      "trimmed": false,
      "spriteSourceSize": {
        "x": 0,
        "y": 0,
        "w": 249,
        "h": 54
      },
      "sourceSize": {
        "w": 249,
        "h": 54
      },
      "pivot": {
        "x": 0.5,
        "y": 0.5
      }
    },
    "laserRed.png": {
      "frame": {
        "x": 1,
        "y": 1252,
        "w": 180,
        "h": 694
      },
      "rotated": false,
      "trimmed": false,
      "spriteSourceSize": {
        "x": 0,
        "y": 0,
        "w": 180,
        "h": 694
      },
      "sourceSize": {
        "w": 180,
        "h": 694
      },
      "pivot": {
        "x": 0.5,
        "y": 0.5
      }
    },
    "circle.png": {
      "frame": {
        "x": 1,
        "y": 1948,
        "w": 85,
        "h": 85
      },
      "rotated": false,
      "trimmed": false,
      "spriteSourceSize": {
        "x": 0,
        "y": 0,
        "w": 85,
        "h": 85
      },
      "sourceSize": {
        "w": 85,
        "h": 85
      },
      "pivot": {
        "x": 0.5,
        "y": 0.5
      }
    },
    "arrow.png": {
      "frame": {
        "x": 88,
        "y": 1948,
        "w": 54,
        "h": 85
      },
      "rotated": false,
      "trimmed": false,
      "spriteSourceSize": {
        "x": 0,
        "y": 0,
        "w": 54,
        "h": 85
      },
      "sourceSize": {
        "w": 54,
        "h": 85
      },
      "pivot": {
        "x": 0.5,
        "y": 0.5
      }
    },
    "books.png": {
      "frame": {
        "x": 144,
        "y": 1948,
        "w": 97,
        "h": 81
      },
      "rotated": false,
      "trimmed": false,
      "spriteSourceSize": {
        "x": 0,
        "y": 0,
        "w": 97,
        "h": 81
      },
      "sourceSize": {
        "w": 97,
        "h": 81
      },
      "pivot": {
        "x": 0.5,
        "y": 0.5
      }
    },
    "booksTaken.png": {
      "frame": {
        "x": 243,
        "y": 1948,
        "w": 97,
        "h": 81
      },
      "rotated": false,
      "trimmed": false,
      "spriteSourceSize": {
        "x": 0,
        "y": 0,
        "w": 97,
        "h": 81
      },
      "sourceSize": {
        "w": 97,
        "h": 81
      },
      "pivot": {
        "x": 0.5,
        "y": 0.5
      }
    },
    "table.png": {
      "frame": {
        "x": 342,
        "y": 493,
        "w": 502,
        "h": 226
      },
      "rotated": false,
      "trimmed": false,
      "spriteSourceSize": {
        "x": 0,
        "y": 0,
        "w": 502,
        "h": 226
      },
      "sourceSize": {
        "w": 502,
        "h": 226
      },
      "pivot": {
        "x": 0.5,
        "y": 0.5
      }
    },
    "bag.png": {
      "frame": {
        "x": 183,
        "y": 549,
        "w": 153,
        "h": 141
      },
      "rotated": false,
      "trimmed": false,
      "spriteSourceSize": {
        "x": 0,
        "y": 0,
        "w": 153,
        "h": 141
      },
      "sourceSize": {
        "w": 153,
        "h": 141
      },
      "pivot": {
        "x": 0.5,
        "y": 0.5
      }
    },
    "harry.png": {
      "frame": {
        "x": 252,
        "y": 692,
        "w": 81,
        "h": 203
      },
      "rotated": false,
      "trimmed": false,
      "spriteSourceSize": {
        "x": 0,
        "y": 0,
        "w": 81,
        "h": 203
      },
      "sourceSize": {
        "w": 81,
        "h": 203
      },
      "pivot": {
        "x": 0.5,
        "y": 0.5
      }
    },
    "laser.png": {
      "frame": {
        "x": 183,
        "y": 692,
        "w": 63,
        "h": 506
      },
      "rotated": false,
      "trimmed": false,
      "spriteSourceSize": {
        "x": 0,
        "y": 0,
        "w": 63,
        "h": 506
      },
      "sourceSize": {
        "w": 63,
        "h": 506
      },
      "pivot": {
        "x": 0.5,
        "y": 0.5
      }
    },
    "laserDevice.png": {
      "frame": {
        "x": 183,
        "y": 1200,
        "w": 229,
        "h": 371
      },
      "rotated": false,
      "trimmed": false,
      "spriteSourceSize": {
        "x": 0,
        "y": 0,
        "w": 229,
        "h": 371
      },
      "sourceSize": {
        "w": 229,
        "h": 371
      },
      "pivot": {
        "x": 0.5,
        "y": 0.5
      }
    },
    "cloud.png": {
      "frame": {
        "x": 248,
        "y": 897,
        "w": 385,
        "h": 300
      },
      "rotated": false,
      "trimmed": false,
      "spriteSourceSize": {
        "x": 0,
        "y": 0,
        "w": 385,
        "h": 300
      },
      "sourceSize": {
        "w": 385,
        "h": 300
      },
      "pivot": {
        "x": 0.5,
        "y": 0.5
      }
    },
    "doorLock.png": {
      "frame": {
        "x": 183,
        "y": 1573,
        "w": 181,
        "h": 369
      },
      "rotated": false,
      "trimmed": false,
      "spriteSourceSize": {
        "x": 0,
        "y": 0,
        "w": 181,
        "h": 369
      },
      "sourceSize": {
        "w": 181,
        "h": 369
      },
      "pivot": {
        "x": 0.5,
        "y": 0.5
      }
    },
    "osc.png": {
      "frame": {
        "x": 335,
        "y": 721,
        "w": 166,
        "h": 158
      },
      "rotated": false,
      "trimmed": false,
      "spriteSourceSize": {
        "x": 0,
        "y": 0,
        "w": 166,
        "h": 158
      },
      "sourceSize": {
        "w": 166,
        "h": 158
      },
      "pivot": {
        "x": 0.5,
        "y": 0.5
      }
    },
    "apparatBrkOp.png": {
      "frame": {
        "x": 503,
        "y": 721,
        "w": 252,
        "h": 153
      },
      "rotated": false,
      "trimmed": false,
      "spriteSourceSize": {
        "x": 0,
        "y": 0,
        "w": 252,
        "h": 153
      },
      "sourceSize": {
        "w": 252,
        "h": 153
      },
      "pivot": {
        "x": 0.5,
        "y": 0.5
      }
    },
    "books2.png": {
      "frame": {
        "x": 342,
        "y": 1944,
        "w": 164,
        "h": 80
      },
      "rotated": false,
      "trimmed": false,
      "spriteSourceSize": {
        "x": 0,
        "y": 0,
        "w": 164,
        "h": 80
      },
      "sourceSize": {
        "w": 164,
        "h": 80
      },
      "pivot": {
        "x": 0.5,
        "y": 0.5
      }
    },
    "doorUnlock.png": {
      "frame": {
        "x": 366,
        "y": 1573,
        "w": 181,
        "h": 369
      },
      "rotated": false,
      "trimmed": false,
      "spriteSourceSize": {
        "x": 0,
        "y": 0,
        "w": 181,
        "h": 369
      },
      "sourceSize": {
        "w": 181,
        "h": 369
      },
      "pivot": {
        "x": 0.5,
        "y": 0.5
      }
    },
    "doorOpen.png": {
      "frame": {
        "x": 414,
        "y": 1199,
        "w": 283,
        "h": 366
      },
      "rotated": false,
      "trimmed": false,
      "spriteSourceSize": {
        "x": 0,
        "y": 0,
        "w": 283,
        "h": 366
      },
      "sourceSize": {
        "w": 283,
        "h": 366
      },
      "pivot": {
        "x": 0.5,
        "y": 0.5
      }
    },
    "bookBig.png": {
      "frame": {
        "x": 635,
        "y": 876,
        "w": 203,
        "h": 319
      },
      "rotated": false,
      "trimmed": false,
      "spriteSourceSize": {
        "x": 0,
        "y": 0,
        "w": 203,
        "h": 319
      },
      "sourceSize": {
        "w": 203,
        "h": 319
      },
      "pivot": {
        "x": 0.5,
        "y": 0.5
      }
    },
    "apparatFixOp.png": {
      "frame": {
        "x": 757,
        "y": 721,
        "w": 252,
        "h": 153
      },
      "rotated": false,
      "trimmed": false,
      "spriteSourceSize": {
        "x": 0,
        "y": 0,
        "w": 252,
        "h": 153
      },
      "sourceSize": {
        "w": 252,
        "h": 153
      },
      "pivot": {
        "x": 0.5,
        "y": 0.5
      }
    },
    "apparatBrk.png": {
      "frame": {
        "x": 846,
        "y": 556,
        "w": 160,
        "h": 150
      },
      "rotated": false,
      "trimmed": false,
      "spriteSourceSize": {
        "x": 0,
        "y": 0,
        "w": 160,
        "h": 150
      },
      "sourceSize": {
        "w": 160,
        "h": 150
      },
      "pivot": {
        "x": 0.5,
        "y": 0.5
      }
    },
    "buttonShadow.png": {
      "frame": {
        "x": 846,
        "y": 493,
        "w": 249,
        "h": 54
      },
      "rotated": false,
      "trimmed": false,
      "spriteSourceSize": {
        "x": 0,
        "y": 0,
        "w": 249,
        "h": 54
      },
      "sourceSize": {
        "w": 249,
        "h": 54
      },
      "pivot": {
        "x": 0.5,
        "y": 0.5
      }
    },
    "apparatFix.png": {
      "frame": {
        "x": 1008,
        "y": 556,
        "w": 160,
        "h": 150
      },
      "rotated": false,
      "trimmed": false,
      "spriteSourceSize": {
        "x": 0,
        "y": 0,
        "w": 160,
        "h": 150
      },
      "sourceSize": {
        "w": 160,
        "h": 150
      },
      "pivot": {
        "x": 0.5,
        "y": 0.5
      }
    },
    "Information/info0.png": {
      "frame": {
        "x": 1097,
        "y": 493,
        "w": 305,
        "h": 44
      },
      "rotated": false,
      "trimmed": false,
      "spriteSourceSize": {
        "x": 0,
        "y": 0,
        "w": 305,
        "h": 44
      },
      "sourceSize": {
        "w": 305,
        "h": 44
      },
      "pivot": {
        "x": 0.5,
        "y": 0.5
      }
    },
    "Information/info1.png": {
      "frame": {
        "x": 1404,
        "y": 493,
        "w": 305,
        "h": 44
      },
      "rotated": false,
      "trimmed": false,
      "spriteSourceSize": {
        "x": 0,
        "y": 0,
        "w": 305,
        "h": 44
      },
      "sourceSize": {
        "w": 305,
        "h": 44
      },
      "pivot": {
        "x": 0.5,
        "y": 0.5
      }
    },
    "exitX.png": {
      "frame": {
        "x": 508,
        "y": 1944,
        "w": 70,
        "h": 66
      },
      "rotated": false,
      "trimmed": false,
      "spriteSourceSize": {
        "x": 0,
        "y": 0,
        "w": 70,
        "h": 66
      },
      "sourceSize": {
        "w": 70,
        "h": 66
      },
      "pivot": {
        "x": 0.5,
        "y": 0.5
      }
    },
    "windowOpen.png": {
      "frame": {
        "x": 1170,
        "y": 539,
        "w": 458,
        "h": 245
      },
      "rotated": false,
      "trimmed": false,
      "spriteSourceSize": {
        "x": 0,
        "y": 0,
        "w": 458,
        "h": 245
      },
      "sourceSize": {
        "w": 458,
        "h": 245
      },
      "pivot": {
        "x": 0.5,
        "y": 0.5
      }
    },
    "Numbers/4.png": {
      "frame": {
        "x": 1630,
        "y": 539,
        "w": 77,
        "h": 65
      },
      "rotated": false,
      "trimmed": false,
      "spriteSourceSize": {
        "x": 0,
        "y": 0,
        "w": 77,
        "h": 65
      },
      "sourceSize": {
        "w": 77,
        "h": 65
      },
      "pivot": {
        "x": 0.5,
        "y": 0.5
      }
    },
    "Information/info2.png": {
      "frame": {
        "x": 1709,
        "y": 556,
        "w": 305,
        "h": 44
      },
      "rotated": false,
      "trimmed": false,
      "spriteSourceSize": {
        "x": 0,
        "y": 0,
        "w": 305,
        "h": 44
      },
      "sourceSize": {
        "w": 305,
        "h": 44
      },
      "pivot": {
        "x": 0.5,
        "y": 0.5
      }
    },
    "Information/info3.png": {
      "frame": {
        "x": 1709,
        "y": 602,
        "w": 305,
        "h": 44
      },
      "rotated": false,
      "trimmed": false,
      "spriteSourceSize": {
        "x": 0,
        "y": 0,
        "w": 305,
        "h": 44
      },
      "sourceSize": {
        "w": 305,
        "h": 44
      },
      "pivot": {
        "x": 0.5,
        "y": 0.5
      }
    },
    "Numbers/1.png": {
      "frame": {
        "x": 1630,
        "y": 606,
        "w": 76,
        "h": 64
      },
      "rotated": false,
      "trimmed": false,
      "spriteSourceSize": {
        "x": 0,
        "y": 0,
        "w": 76,
        "h": 64
      },
      "sourceSize": {
        "w": 76,
        "h": 64
      },
      "pivot": {
        "x": 0.5,
        "y": 0.5
      }
    },
    "Information/info5.png": {
      "frame": {
        "x": 1708,
        "y": 648,
        "w": 305,
        "h": 44
      },
      "rotated": false,
      "trimmed": false,
      "spriteSourceSize": {
        "x": 0,
        "y": 0,
        "w": 305,
        "h": 44
      },
      "sourceSize": {
        "w": 305,
        "h": 44
      },
      "pivot": {
        "x": 0.5,
        "y": 0.5
      }
    },
    "Numbers/7.png": {
      "frame": {
        "x": 1630,
        "y": 672,
        "w": 76,
        "h": 64
      },
      "rotated": false,
      "trimmed": false,
      "spriteSourceSize": {
        "x": 0,
        "y": 0,
        "w": 76,
        "h": 64
      },
      "sourceSize": {
        "w": 76,
        "h": 64
      },
      "pivot": {
        "x": 0.5,
        "y": 0.5
      }
    },
    "Information/info7.png": {
      "frame": {
        "x": 1708,
        "y": 694,
        "w": 305,
        "h": 44
      },
      "rotated": false,
      "trimmed": false,
      "spriteSourceSize": {
        "x": 0,
        "y": 0,
        "w": 305,
        "h": 44
      },
      "sourceSize": {
        "w": 305,
        "h": 44
      },
      "pivot": {
        "x": 0.5,
        "y": 0.5
      }
    },
    "keyShadow.png": {
      "frame": {
        "x": 1630,
        "y": 738,
        "w": 76,
        "h": 64
      },
      "rotated": false,
      "trimmed": false,
      "spriteSourceSize": {
        "x": 0,
        "y": 0,
        "w": 76,
        "h": 64
      },
      "sourceSize": {
        "w": 76,
        "h": 64
      },
      "pivot": {
        "x": 0.5,
        "y": 0.5
      }
    },
    "fly0.png": {
      "frame": {
        "x": 1708,
        "y": 740,
        "w": 300,
        "h": 200
      },
      "rotated": false,
      "trimmed": false,
      "spriteSourceSize": {
        "x": 0,
        "y": 0,
        "w": 300,
        "h": 200
      },
      "sourceSize": {
        "w": 300,
        "h": 200
      },
      "pivot": {
        "x": 0.5,
        "y": 0.5
      }
    },
    "key.png": {
      "frame": {
        "x": 1011,
        "y": 708,
        "w": 112,
        "h": 111
      },
      "rotated": false,
      "trimmed": false,
      "spriteSourceSize": {
        "x": 0,
        "y": 0,
        "w": 112,
        "h": 111
      },
      "sourceSize": {
        "w": 112,
        "h": 111
      },
      "pivot": {
        "x": 0.5,
        "y": 0.5
      }
    },
    "glass.png": {
      "frame": {
        "x": 1011,
        "y": 821,
        "w": 94,
        "h": 138
      },
      "rotated": false,
      "trimmed": false,
      "spriteSourceSize": {
        "x": 0,
        "y": 0,
        "w": 94,
        "h": 138
      },
      "sourceSize": {
        "w": 94,
        "h": 138
      },
      "pivot": {
        "x": 0.5,
        "y": 0.5
      }
    },
    "menu.png": {
      "frame": {
        "x": 840,
        "y": 876,
        "w": 161,
        "h": 255
      },
      "rotated": false,
      "trimmed": false,
      "spriteSourceSize": {
        "x": 0,
        "y": 0,
        "w": 161,
        "h": 255
      },
      "sourceSize": {
        "w": 161,
        "h": 255
      },
      "pivot": {
        "x": 0.5,
        "y": 0.5
      }
    },
    "closet.png": {
      "frame": {
        "x": 549,
        "y": 1567,
        "w": 184,
        "h": 275
      },
      "rotated": false,
      "trimmed": false,
      "spriteSourceSize": {
        "x": 0,
        "y": 0,
        "w": 184,
        "h": 275
      },
      "sourceSize": {
        "w": 184,
        "h": 275
      },
      "pivot": {
        "x": 0.5,
        "y": 0.5
      }
    },
    "harry0.png": {
      "frame": {
        "x": 580,
        "y": 1844,
        "w": 81,
        "h": 203
      },
      "rotated": false,
      "trimmed": false,
      "spriteSourceSize": {
        "x": 0,
        "y": 0,
        "w": 81,
        "h": 203
      },
      "sourceSize": {
        "w": 81,
        "h": 203
      },
      "pivot": {
        "x": 0.5,
        "y": 0.5
      }
    },
    "harry1.png": {
      "frame": {
        "x": 663,
        "y": 1844,
        "w": 81,
        "h": 203
      },
      "rotated": false,
      "trimmed": false,
      "spriteSourceSize": {
        "x": 0,
        "y": 0,
        "w": 81,
        "h": 203
      },
      "sourceSize": {
        "w": 81,
        "h": 203
      },
      "pivot": {
        "x": 0.5,
        "y": 0.5
      }
    },
    "window.png": {
      "frame": {
        "x": 699,
        "y": 1197,
        "w": 234,
        "h": 245
      },
      "rotated": false,
      "trimmed": false,
      "spriteSourceSize": {
        "x": 0,
        "y": 0,
        "w": 234,
        "h": 245
      },
      "sourceSize": {
        "w": 234,
        "h": 245
      },
      "pivot": {
        "x": 0.5,
        "y": 0.5
      }
    },
    "cableBrk.png": {
      "frame": {
        "x": 699,
        "y": 1444,
        "w": 186,
        "h": 107
      },
      "rotated": false,
      "trimmed": false,
      "spriteSourceSize": {
        "x": 0,
        "y": 0,
        "w": 186,
        "h": 107
      },
      "sourceSize": {
        "w": 186,
        "h": 107
      },
      "pivot": {
        "x": 0.5,
        "y": 0.5
      }
    },
    "phantom.png": {
      "frame": {
        "x": 735,
        "y": 1553,
        "w": 171,
        "h": 237
      },
      "rotated": false,
      "trimmed": false,
      "spriteSourceSize": {
        "x": 0,
        "y": 0,
        "w": 171,
        "h": 237
      },
      "sourceSize": {
        "w": 171,
        "h": 237
      },
      "pivot": {
        "x": 0.5,
        "y": 0.5
      }
    },
    "cableFix.png": {
      "frame": {
        "x": 887,
        "y": 1444,
        "w": 186,
        "h": 107
      },
      "rotated": false,
      "trimmed": false,
      "spriteSourceSize": {
        "x": 0,
        "y": 0,
        "w": 186,
        "h": 107
      },
      "sourceSize": {
        "w": 186,
        "h": 107
      },
      "pivot": {
        "x": 0.5,
        "y": 0.5
      }
    },
    "phantom2.png": {
      "frame": {
        "x": 746,
        "y": 1792,
        "w": 171,
        "h": 237
      },
      "rotated": false,
      "trimmed": false,
      "spriteSourceSize": {
        "x": 0,
        "y": 0,
        "w": 171,
        "h": 237
      },
      "sourceSize": {
        "w": 171,
        "h": 237
      },
      "pivot": {
        "x": 0.5,
        "y": 0.5
      }
    },
    "phantom3.png": {
      "frame": {
        "x": 908,
        "y": 1553,
        "w": 171,
        "h": 237
      },
      "rotated": false,
      "trimmed": false,
      "spriteSourceSize": {
        "x": 0,
        "y": 0,
        "w": 171,
        "h": 237
      },
      "sourceSize": {
        "w": 171,
        "h": 237
      },
      "pivot": {
        "x": 0.5,
        "y": 0.5
      }
    },
    "harry2.png": {
      "frame": {
        "x": 919,
        "y": 1792,
        "w": 81,
        "h": 203
      },
      "rotated": false,
      "trimmed": false,
      "spriteSourceSize": {
        "x": 0,
        "y": 0,
        "w": 81,
        "h": 203
      },
      "sourceSize": {
        "w": 81,
        "h": 203
      },
      "pivot": {
        "x": 0.5,
        "y": 0.5
      }
    },
    "harry3.png": {
      "frame": {
        "x": 1002,
        "y": 1792,
        "w": 81,
        "h": 203
      },
      "rotated": false,
      "trimmed": false,
      "spriteSourceSize": {
        "x": 0,
        "y": 0,
        "w": 81,
        "h": 203
      },
      "sourceSize": {
        "w": 81,
        "h": 203
      },
      "pivot": {
        "x": 0.5,
        "y": 0.5
      }
    },
    "harry4.png": {
      "frame": {
        "x": 1085,
        "y": 1792,
        "w": 81,
        "h": 203
      },
      "rotated": false,
      "trimmed": false,
      "spriteSourceSize": {
        "x": 0,
        "y": 0,
        "w": 81,
        "h": 203
      },
      "sourceSize": {
        "w": 81,
        "h": 203
      },
      "pivot": {
        "x": 0.5,
        "y": 0.5
      }
    },
    "harry5.png": {
      "frame": {
        "x": 1168,
        "y": 1792,
        "w": 81,
        "h": 203
      },
      "rotated": false,
      "trimmed": false,
      "spriteSourceSize": {
        "x": 0,
        "y": 0,
        "w": 81,
        "h": 203
      },
      "sourceSize": {
        "w": 81,
        "h": 203
      },
      "pivot": {
        "x": 0.5,
        "y": 0.5
      }
    },
    "fly1.png": {
      "frame": {
        "x": 1251,
        "y": 786,
        "w": 300,
        "h": 200
      },
      "rotated": false,
      "trimmed": false,
      "spriteSourceSize": {
        "x": 0,
        "y": 0,
        "w": 300,
        "h": 200
      },
      "sourceSize": {
        "w": 300,
        "h": 200
      },
      "pivot": {
        "x": 0.5,
        "y": 0.5
      }
    },
    "Numbers/5.png": {
      "frame": {
        "x": 1553,
        "y": 786,
        "w": 75,
        "h": 65
      },
      "rotated": false,
      "trimmed": false,
      "spriteSourceSize": {
        "x": 0,
        "y": 0,
        "w": 75,
        "h": 65
      },
      "sourceSize": {
        "w": 75,
        "h": 65
      },
      "pivot": {
        "x": 0.5,
        "y": 0.5
      }
    },
    "Numbers/9.png": {
      "frame": {
        "x": 1630,
        "y": 804,
        "w": 75,
        "h": 65
      },
      "rotated": false,
      "trimmed": false,
      "spriteSourceSize": {
        "x": 0,
        "y": 0,
        "w": 75,
        "h": 65
      },
      "sourceSize": {
        "w": 75,
        "h": 65
      },
      "pivot": {
        "x": 0.5,
        "y": 0.5
      }
    },
    "Numbers/2.png": {
      "frame": {
        "x": 1553,
        "y": 853,
        "w": 75,
        "h": 64
      },
      "rotated": false,
      "trimmed": false,
      "spriteSourceSize": {
        "x": 0,
        "y": 0,
        "w": 75,
        "h": 64
      },
      "sourceSize": {
        "w": 75,
        "h": 64
      },
      "pivot": {
        "x": 0.5,
        "y": 0.5
      }
    },
    "Numbers/3.png": {
      "frame": {
        "x": 1630,
        "y": 871,
        "w": 75,
        "h": 64
      },
      "rotated": false,
      "trimmed": false,
      "spriteSourceSize": {
        "x": 0,
        "y": 0,
        "w": 75,
        "h": 64
      },
      "sourceSize": {
        "w": 75,
        "h": 64
      },
      "pivot": {
        "x": 0.5,
        "y": 0.5
      }
    },
    "Numbers/0.png": {
      "frame": {
        "x": 1553,
        "y": 919,
        "w": 74,
        "h": 64
      },
      "rotated": false,
      "trimmed": false,
      "spriteSourceSize": {
        "x": 0,
        "y": 0,
        "w": 74,
        "h": 64
      },
      "sourceSize": {
        "w": 74,
        "h": 64
      },
      "pivot": {
        "x": 0.5,
        "y": 0.5
      }
    },
    "Numbers/6.png": {
      "frame": {
        "x": 1629,
        "y": 937,
        "w": 74,
        "h": 64
      },
      "rotated": false,
      "trimmed": false,
      "spriteSourceSize": {
        "x": 0,
        "y": 0,
        "w": 74,
        "h": 64
      },
      "sourceSize": {
        "w": 74,
        "h": 64
      },
      "pivot": {
        "x": 0.5,
        "y": 0.5
      }
    },
    "Numbers/8.png": {
      "frame": {
        "x": 1553,
        "y": 985,
        "w": 74,
        "h": 64
      },
      "rotated": false,
      "trimmed": false,
      "spriteSourceSize": {
        "x": 0,
        "y": 0,
        "w": 74,
        "h": 64
      },
      "sourceSize": {
        "w": 74,
        "h": 64
      },
      "pivot": {
        "x": 0.5,
        "y": 0.5
      }
    },
    "fly2.png": {
      "frame": {
        "x": 1251,
        "y": 988,
        "w": 300,
        "h": 200
      },
      "rotated": false,
      "trimmed": false,
      "spriteSourceSize": {
        "x": 0,
        "y": 0,
        "w": 300,
        "h": 200
      },
      "sourceSize": {
        "w": 300,
        "h": 200
      },
      "pivot": {
        "x": 0.5,
        "y": 0.5
      }
    },
    "tuto/tuto0.png": {
      "frame": {
        "x": 1003,
        "y": 961,
        "w": 228,
        "h": 178
      },
      "rotated": false,
      "trimmed": false,
      "spriteSourceSize": {
        "x": 0,
        "y": 0,
        "w": 228,
        "h": 178
      },
      "sourceSize": {
        "w": 228,
        "h": 178
      },
      "pivot": {
        "x": 0.5,
        "y": 0.5
      }
    },
    "glassAcid.png": {
      "frame": {
        "x": 1107,
        "y": 821,
        "w": 94,
        "h": 138
      },
      "rotated": false,
      "trimmed": false,
      "spriteSourceSize": {
        "x": 0,
        "y": 0,
        "w": 94,
        "h": 138
      },
      "sourceSize": {
        "w": 94,
        "h": 138
      },
      "pivot": {
        "x": 0.5,
        "y": 0.5
      }
    },
    "harry6.png": {
      "frame": {
        "x": 935,
        "y": 1190,
        "w": 81,
        "h": 203
      },
      "rotated": false,
      "trimmed": false,
      "spriteSourceSize": {
        "x": 0,
        "y": 0,
        "w": 81,
        "h": 203
      },
      "sourceSize": {
        "w": 81,
        "h": 203
      },
      "pivot": {
        "x": 0.5,
        "y": 0.5
      }
    },
    "tuto/tuto1.png": {
      "frame": {
        "x": 1018,
        "y": 1141,
        "w": 228,
        "h": 178
      },
      "rotated": false,
      "trimmed": false,
      "spriteSourceSize": {
        "x": 0,
        "y": 0,
        "w": 228,
        "h": 178
      },
      "sourceSize": {
        "w": 228,
        "h": 178
      },
      "pivot": {
        "x": 0.5,
        "y": 0.5
      }
    },
    "harry7.png": {
      "frame": {
        "x": 1075,
        "y": 1321,
        "w": 81,
        "h": 203
      },
      "rotated": false,
      "trimmed": false,
      "spriteSourceSize": {
        "x": 0,
        "y": 0,
        "w": 81,
        "h": 203
      },
      "sourceSize": {
        "w": 81,
        "h": 203
      },
      "pivot": {
        "x": 0.5,
        "y": 0.5
      }
    },
    "glassWater.png": {
      "frame": {
        "x": 1081,
        "y": 1526,
        "w": 94,
        "h": 138
      },
      "rotated": false,
      "trimmed": false,
      "spriteSourceSize": {
        "x": 0,
        "y": 0,
        "w": 94,
        "h": 138
      },
      "sourceSize": {
        "w": 94,
        "h": 138
      },
      "pivot": {
        "x": 0.5,
        "y": 0.5
      }
    },
    "tuto/tuto10.png": {
      "frame": {
        "x": 1158,
        "y": 1321,
        "w": 228,
        "h": 178
      },
      "rotated": false,
      "trimmed": false,
      "spriteSourceSize": {
        "x": 0,
        "y": 0,
        "w": 228,
        "h": 178
      },
      "sourceSize": {
        "w": 228,
        "h": 178
      },
      "pivot": {
        "x": 0.5,
        "y": 0.5
      }
    },
    "book.png": {
      "frame": {
        "x": 1248,
        "y": 1190,
        "w": 80,
        "h": 125
      },
      "rotated": false,
      "trimmed": false,
      "spriteSourceSize": {
        "x": 0,
        "y": 0,
        "w": 80,
        "h": 125
      },
      "sourceSize": {
        "w": 80,
        "h": 125
      },
      "pivot": {
        "x": 0.5,
        "y": 0.5
      }
    },
    "enter.png": {
      "frame": {
        "x": 1081,
        "y": 1666,
        "w": 74,
        "h": 64
      },
      "rotated": false,
      "trimmed": false,
      "spriteSourceSize": {
        "x": 0,
        "y": 0,
        "w": 74,
        "h": 64
      },
      "sourceSize": {
        "w": 74,
        "h": 64
      },
      "pivot": {
        "x": 0.5,
        "y": 0.5
      }
    },
    "reset.png": {
      "frame": {
        "x": 1157,
        "y": 1666,
        "w": 74,
        "h": 64
      },
      "rotated": false,
      "trimmed": false,
      "spriteSourceSize": {
        "x": 0,
        "y": 0,
        "w": 74,
        "h": 64
      },
      "sourceSize": {
        "w": 74,
        "h": 64
      },
      "pivot": {
        "x": 0.5,
        "y": 0.5
      }
    },
    "tuto/tuto11.png": {
      "frame": {
        "x": 1233,
        "y": 1501,
        "w": 228,
        "h": 178
      },
      "rotated": false,
      "trimmed": false,
      "spriteSourceSize": {
        "x": 0,
        "y": 0,
        "w": 228,
        "h": 178
      },
      "sourceSize": {
        "w": 228,
        "h": 178
      },
      "pivot": {
        "x": 0.5,
        "y": 0.5
      }
    },
    "tuto/tuto12.png": {
      "frame": {
        "x": 1705,
        "y": 942,
        "w": 228,
        "h": 178
      },
      "rotated": false,
      "trimmed": false,
      "spriteSourceSize": {
        "x": 0,
        "y": 0,
        "w": 228,
        "h": 178
      },
      "sourceSize": {
        "w": 228,
        "h": 178
      },
      "pivot": {
        "x": 0.5,
        "y": 0.5
      }
    },
    "tuto/tuto13.png": {
      "frame": {
        "x": 1705,
        "y": 1122,
        "w": 228,
        "h": 178
      },
      "rotated": false,
      "trimmed": false,
      "spriteSourceSize": {
        "x": 0,
        "y": 0,
        "w": 228,
        "h": 178
      },
      "sourceSize": {
        "w": 228,
        "h": 178
      },
      "pivot": {
        "x": 0.5,
        "y": 0.5
      }
    },
    "tuto/tuto2.png": {
      "frame": {
        "x": 1463,
        "y": 1190,
        "w": 228,
        "h": 178
      },
      "rotated": false,
      "trimmed": false,
      "spriteSourceSize": {
        "x": 0,
        "y": 0,
        "w": 228,
        "h": 178
      },
      "sourceSize": {
        "w": 228,
        "h": 178
      },
      "pivot": {
        "x": 0.5,
        "y": 0.5
      }
    },
    "tuto/tuto3.png": {
      "frame": {
        "x": 1463,
        "y": 1370,
        "w": 228,
        "h": 178
      },
      "rotated": false,
      "trimmed": false,
      "spriteSourceSize": {
        "x": 0,
        "y": 0,
        "w": 228,
        "h": 178
      },
      "sourceSize": {
        "w": 228,
        "h": 178
      },
      "pivot": {
        "x": 0.5,
        "y": 0.5
      }
    },
    "tuto/tuto4.png": {
      "frame": {
        "x": 1693,
        "y": 1302,
        "w": 228,
        "h": 178
      },
      "rotated": false,
      "trimmed": false,
      "spriteSourceSize": {
        "x": 0,
        "y": 0,
        "w": 228,
        "h": 178
      },
      "sourceSize": {
        "w": 228,
        "h": 178
      },
      "pivot": {
        "x": 0.5,
        "y": 0.5
      }
    },
    "tuto/tuto5.png": {
      "frame": {
        "x": 1693,
        "y": 1482,
        "w": 228,
        "h": 178
      },
      "rotated": false,
      "trimmed": false,
      "spriteSourceSize": {
        "x": 0,
        "y": 0,
        "w": 228,
        "h": 178
      },
      "sourceSize": {
        "w": 228,
        "h": 178
      },
      "pivot": {
        "x": 0.5,
        "y": 0.5
      }
    },
    "tuto/tuto6.png": {
      "frame": {
        "x": 1463,
        "y": 1550,
        "w": 228,
        "h": 178
      },
      "rotated": false,
      "trimmed": false,
      "spriteSourceSize": {
        "x": 0,
        "y": 0,
        "w": 228,
        "h": 178
      },
      "sourceSize": {
        "w": 228,
        "h": 178
      },
      "pivot": {
        "x": 0.5,
        "y": 0.5
      }
    },
    "tuto/tuto7.png": {
      "frame": {
        "x": 1693,
        "y": 1681,
        "w": 228,
        "h": 178
      },
      "rotated": false,
      "trimmed": false,
      "spriteSourceSize": {
        "x": 0,
        "y": 0,
        "w": 228,
        "h": 178
      },
      "sourceSize": {
        "w": 228,
        "h": 178
      },
      "pivot": {
        "x": 0.5,
        "y": 0.5
      }
    },
    "tuto/tuto8.png": {
      "frame": {
        "x": 1251,
        "y": 1861,
        "w": 228,
        "h": 178
      },
      "rotated": false,
      "trimmed": false,
      "spriteSourceSize": {
        "x": 0,
        "y": 0,
        "w": 228,
        "h": 178
      },
      "sourceSize": {
        "w": 228,
        "h": 178
      },
      "pivot": {
        "x": 0.5,
        "y": 0.5
      }
    },
    "tuto/tuto9.png": {
      "frame": {
        "x": 1481,
        "y": 1861,
        "w": 228,
        "h": 178
      },
      "rotated": false,
      "trimmed": false,
      "spriteSourceSize": {
        "x": 0,
        "y": 0,
        "w": 228,
        "h": 178
      },
      "sourceSize": {
        "w": 228,
        "h": 178
      },
      "pivot": {
        "x": 0.5,
        "y": 0.5
      }
    },
    "Information/info4.png": {
      "frame": {
        "x": 1709,
        "y": 602,
        "w": 305,
        "h": 44
      },
      "rotated": false,
      "trimmed": false,
      "spriteSourceSize": {
        "x": 0,
        "y": 0,
        "w": 305,
        "h": 44
      },
      "sourceSize": {
        "w": 305,
        "h": 44
      },
      "pivot": {
        "x": 0.5,
        "y": 0.5
      }
    },
    "Information/info6.png": {
      "frame": {
        "x": 1708,
        "y": 648,
        "w": 305,
        "h": 44
      },
      "rotated": false,
      "trimmed": false,
      "spriteSourceSize": {
        "x": 0,
        "y": 0,
        "w": 305,
        "h": 44
      },
      "sourceSize": {
        "w": 305,
        "h": 44
      },
      "pivot": {
        "x": 0.5,
        "y": 0.5
      }
    },
    "Information/info8.png": {
      "frame": {
        "x": 1708,
        "y": 694,
        "w": 305,
        "h": 44
      },
      "rotated": false,
      "trimmed": false,
      "spriteSourceSize": {
        "x": 0,
        "y": 0,
        "w": 305,
        "h": 44
      },
      "sourceSize": {
        "w": 305,
        "h": 44
      },
      "pivot": {
        "x": 0.5,
        "y": 0.5
      }
    }
  },
  "meta": {
    "app": "http://free-tex-packer.com",
    "version": "0.6.5",
    "image": "texture.png",
    "format": "RGBA8888",
    "size": {
      "w": 2029,
      "h": 2048
    },
    "scale": 1
  }
}